sepal_length,sepal_width,petal_length,petal_width,species,prediction
5.0,3.5,1.3,0.3,setosa,setosa
5.9,3.0,4.2,1.5,versicolor,versicolor
5.7,3.8,1.7,0.3,setosa,setosa
5.0,3.3,1.4,0.2,setosa,setosa
4.9,2.5,4.5,1.7,virginica,virginica
5.4,3.4,1.7,0.2,setosa,setosa
5.6,2.5,3.9,1.1,versicolor,versicolor
5.0,2.3,3.3,1.0,versicolor,versicolor
6.9,3.1,5.1,2.3,virginica,virginica
6.5,3.0,5.8,2.2,virginica,virginica
6.0,3.4,4.5,1.6,versicolor,versicolor
6.0,2.9,4.5,1.5,versicolor,versicolor
6.3,2.8,5.1,1.5,virginica,virginica
6.1,3.0,4.9,1.8,virginica,virginica
4.7,3.2,1.3,0.2,setosa,setosa
4.9,3.0,1.4,0.2,setosa,setosa
5.0,3.2,1.2,0.2,setosa,setosa
4.4,3.2,1.3,0.2,setosa,setosa
6.2,3.4,5.4,2.3,virginica,virginica
7.7,2.8,6.7,2.0,virginica,virginica
6.7,3.0,5.0,1.7,versicolor,virginica
5.1,2.5,3.0,1.1,versicolor,versicolor
7.3,2.9,6.3,1.8,virginica,virginica
6.4,2.7,5.3,1.9,virginica,virginica
6.4,3.2,4.5,1.5,versicolor,versicolor
6.4,2.8,5.6,2.2,virginica,virginica
6.5,3.0,5.5,1.8,virginica,virginica
5.5,3.5,1.3,0.2,setosa,setosa
6.3,2.7,4.9,1.8,virginica,virginica
5.1,3.3,1.7,0.5,setosa,setosa
6.7,3.0,5.2,2.3,virginica,virginica
6.2,2.9,4.3,1.3,versicolor,versicolor
6.1,2.6,5.6,1.4,virginica,virginica
5.1,3.7,1.5,0.4,setosa,setosa
4.6,3.6,1.0,0.2,setosa,setosa
6.7,2.5,5.8,1.8,virginica,virginica
4.8,3.4,1.6,0.2,setosa,setosa
5.7,2.8,4.5,1.3,versicolor,versicolor
5.0,3.4,1.5,0.2,setosa,setosa
6.5,3.0,5.2,2.0,virginica,virginica
6.3,3.3,4.7,1.6,versicolor,versicolor
6.7,3.3,5.7,2.5,virginica,virginica
5.6,3.0,4.5,1.5,versicolor,versicolor
6.1,2.9,4.7,1.4,versicolor,versicolor
5.8,2.7,4.1,1.0,versicolor,versicolor
6.3,2.3,4.4,1.3,versicolor,versicolor
5.5,2.3,4.0,1.3,versicolor,versicolor
5.4,3.7,1.5,0.2,setosa,setosa
4.7,3.2,1.6,0.2,setosa,setosa
6.0,3.0,4.8,1.8,virginica,virginica
5.8,4.0,1.2,0.2,setosa,setosa
6.6,3.0,4.4,1.4,versicolor,versicolor
6.6,2.9,4.6,1.3,versicolor,versicolor
4.9,2.4,3.3,1.0,versicolor,versicolor
7.1,3.0,5.9,2.1,virginica,virginica
6.7,3.1,5.6,2.4,virginica,virginica
5.0,3.5,1.6,0.6,setosa,setosa
5.4,3.0,4.5,1.5,versicolor,versicolor
4.4,3.0,1.3,0.2,setosa,setosa
5.2,3.4,1.4,0.2,setosa,setosa
